clean_comment,category
This restored my faith in humanity!,1
Source please?,0
This is boring. Moving on.,0
Does anyone know what time it starts?,0
I regret this purchase so much.,-1
How is this even allowed? Disgraceful!,-1
No comment really. Just browsing.,0
Whatever. Don't really care either way.,0
Great value for the price! Highly recommend!,1
Complete garbage. Downvoted.,-1
Thanks for the help! Really appreciate it!,1
Has anyone tried this before?,0
RemindMe! 24 hours,0
This is absolutely amazing! Best thing I've seen today!,1
How is this even allowed? Disgraceful!,-1
Whatever. Don't really care either way.,0
Does anyone know what time it starts?,0
Incredible work! You're so talented!,1
Horrible quality. Do not buy this.,-1
This is exactly what I was looking for! Perfect!,1
Disappointing results. Expected more.,-1
How is this even allowed? Disgraceful!,-1
You deserve all the success! Keep going!,1
Broken on arrival. Extremely frustrating.,-1
Incredible work! You're so talented!,1
It's okay I guess. Nothing special.,0
This is the worst thing I've ever seen.,-1
Source please?,0
You deserve all the success! Keep going!,1
Interesting perspective. I'll think about it.,0
I hate when this happens. So frustrating!,-1
How is this even allowed? Disgraceful!,-1
I'm neutral on this topic.,0
This is boring. Moving on.,0
Absolutely phenomenal! 10/10 would recommend!,1
Absolutely phenomenal! 10/10 would recommend!,1
Absolutely disgusting behavior. Unacceptable!,-1
I don't have a strong opinion on this.,0
Haha that's hilarious! Made me smile!,1
"Ugh, not this again. So tired of this.",-1
This made my day! So happy right now!,1
No comment really. Just browsing.,0
This restored my faith in humanity!,1
This should be illegal. Absolutely horrible.,-1
Such a beautiful gesture! Faith in humanity restored!,1
Absolutely phenomenal! 10/10 would recommend!,1
Rude customer service. Terrible experience.,-1
I regret this purchase so much.,-1
Pretty good actually! Pleasantly surprised!,1
Source please?,0
Broken on arrival. Extremely frustrating.,-1
Need more information to decide.,0
Brilliant! Exceeded all my expectations!,1
"Just a regular comment, nothing special.",0
This is exactly what I was looking for! Perfect!,1
Broken on arrival. Extremely frustrating.,-1
So proud of this community! You guys rock!,1
Scam! Don't fall for this garbage!,-1
Incredible work! You're so talented!,1
This made my day! So happy right now!,1
It's okay I guess. Nothing special.,0
This is the worst thing I've ever seen.,-1
This should be illegal. Absolutely horrible.,-1
Waste of money. Very poor quality.,-1
Waste of money. Very poor quality.,-1
Love the quality! Absolutely worth it!,1
You deserve all the success! Keep going!,1
Scam! Don't fall for this garbage!,-1
Waste of money. Very poor quality.,-1
"Ugh, not this again. So tired of this.",-1
This changed my life for the better!,1
Can someone explain this? I'm confused.,0
RemindMe! 24 hours,0
Pretty good actually! Pleasantly surprised!,1
This is the best purchase I've ever made!,1
TL;DR anyone?,0
I love this so much! Thank you for sharing!,1
Excellent service! Will definitely use again!,1
This is absolutely amazing! Best thing I've seen today!,1
This is pure gold! Saving this forever!,1
"Meh. Could be better, could be worse.",0
Looking for recommendations.,0
Just saw this in the news today.,0
Fantastic job! Keep up the excellent work!,1
First time seeing this. Interesting.,0
Lost all respect. Completely unacceptable.,-1
Terrible experience. Would not recommend.,-1
Wow! Mind-blowing content right here!,1
The quality is absolutely terrible.,-1
Rude customer service. Terrible experience.,-1
"Not bad, not great either.",0
Wow! Mind-blowing content right here!,1
First time seeing this. Interesting.,0
Commenting for later reference.,0
Pathetic attempt. Do better next time.,-1
The quality is absolutely terrible.,-1
This is the best purchase I've ever made!,1
This is the best purchase I've ever made!,1
This changed my life for the better!,1
How is this even allowed? Disgraceful!,-1
This is the worst thing I've ever seen.,-1
"Meh. Could be better, could be worse.",0
Never buying from them again. Awful service.,-1
The quality is absolutely terrible.,-1
First time seeing this. Interesting.,0
Just checking in. How's everyone?,0
This is pure gold! Saving this forever!,1
So disappointed. Expected much better.,-1
This ruined my whole day. Thanks for nothing.,-1
Great value for the price! Highly recommend!,1
Commenting for later reference.,0
This should be illegal. Absolutely horrible.,-1
This should be illegal. Absolutely horrible.,-1
I love this so much! Thank you for sharing!,1
Commenting for later reference.,0
"Meh. Could be better, could be worse.",0
Source please?,0
First time seeing this. Interesting.,0
Scam! Don't fall for this garbage!,-1
RemindMe! 24 hours,0
Complete garbage. Downvoted.,-1
Looking for recommendations.,0
This is the worst thing I've ever seen.,-1
I hate when this happens. So frustrating!,-1
Pathetic attempt. Do better next time.,-1
Love the quality! Absolutely worth it!,1
This sucks. Total failure.,-1
Commenting for later reference.,0
So grateful for this! Amazing quality!,1
Terrible experience. Would not recommend.,-1
Interesting perspective. I'll think about it.,0
Pathetic attempt. Do better next time.,-1
This made my day! So happy right now!,1
Wow! Mind-blowing content right here!,1
This should be illegal. Absolutely horrible.,-1
This is boring. Moving on.,0
You deserve all the success! Keep going!,1
Source please?,0
Fantastic job! Keep up the excellent work!,1
What do you guys think about this?,0
This restored my faith in humanity!,1
I don't have a strong opinion on this.,0
Such a beautiful gesture! Faith in humanity restored!,1
Brilliant! Exceeded all my expectations!,1
This should be illegal. Absolutely horrible.,-1
Rude customer service. Terrible experience.,-1
Commenting for later reference.,0
"Meh. Could be better, could be worse.",0
Broken on arrival. Extremely frustrating.,-1
Broken on arrival. Extremely frustrating.,-1
Disappointing results. Expected more.,-1
You deserve all the success! Keep going!,1
It's okay I guess. Nothing special.,0
The quality is absolutely terrible.,-1
This restored my faith in humanity!,1
I don't have a strong opinion on this.,0
So proud of this community! You guys rock!,1
Need more information to decide.,0
Great value for the price! Highly recommend!,1
Worst decision ever. Complete waste of time.,-1
Terrible experience. Would not recommend.,-1
This is pure gold! Saving this forever!,1
You deserve all the success! Keep going!,1
This is absolutely amazing! Best thing I've seen today!,1
This is exactly what I was looking for! Perfect!,1
It's okay I guess. Nothing special.,0
Wow! Mind-blowing content right here!,1
Looking for recommendations.,0
This should be illegal. Absolutely horrible.,-1
Interesting perspective. I'll think about it.,0
Absolutely disgusting behavior. Unacceptable!,-1
This is exactly what I was looking for! Perfect!,1
Completely useless. Total waste.,-1
So disappointed. Expected much better.,-1
Scam! Don't fall for this garbage!,-1
Source please?,0
The quality is absolutely terrible.,-1
This should be illegal. Absolutely horrible.,-1
This sucks. Total failure.,-1
So disappointed. Expected much better.,-1
This restored my faith in humanity!,1
False advertising. Not as described at all.,-1
Best community ever! Love you all!,1
You deserve all the success! Keep going!,1
Fantastic job! Keep up the excellent work!,1
This is boring. Moving on.,0
I'm neutral on this topic.,0
Whatever. Don't really care either way.,0
This is the best purchase I've ever made!,1
"Ugh, not this again. So tired of this.",-1
What do you guys think about this?,0
Seems average to me.,0
No comment really. Just browsing.,0
First time seeing this. Interesting.,0
So grateful for this! Amazing quality!,1
Terrible experience. Would not recommend.,-1
This is pure gold! Saving this forever!,1
Super excited about this! Can't wait!,1
Source please?,0
Fantastic job! Keep up the excellent work!,1
Lost all respect. Completely unacceptable.,-1
"Ugh, not this again. So tired of this.",-1
Such a beautiful gesture! Faith in humanity restored!,1
"Not bad, not great either.",0
This should be illegal. Absolutely horrible.,-1
No comment really. Just browsing.,0
Seems average to me.,0
Pathetic attempt. Do better next time.,-1
First time seeing this. Interesting.,0
Pathetic attempt. Do better next time.,-1
False advertising. Not as described at all.,-1
I hate when this happens. So frustrating!,-1
Wow! Mind-blowing content right here!,1
This ruined my whole day. Thanks for nothing.,-1
Incredible work! You're so talented!,1
I don't have a strong opinion on this.,0
Has anyone tried this before?,0
Need more information to decide.,0
This is exactly what I was looking for! Perfect!,1
Disappointing results. Expected more.,-1
Rude customer service. Terrible experience.,-1
This is boring. Moving on.,0
Brilliant! Exceeded all my expectations!,1
The weather is nice today.,0
Thanks for the help! Really appreciate it!,1
You deserve all the success! Keep going!,1
Does anyone know what time it starts?,0
First time seeing this. Interesting.,0
I hate when this happens. So frustrating!,-1
This is absolutely amazing! Best thing I've seen today!,1
Just saw this in the news today.,0
TL;DR anyone?,0
Thanks for the help! Really appreciate it!,1
Incredible work! You're so talented!,1
Pretty good actually! Pleasantly surprised!,1
Horrible quality. Do not buy this.,-1
Thanks for the help! Really appreciate it!,1
Complete garbage. Downvoted.,-1
The quality is absolutely terrible.,-1
The weather is nice today.,0
RemindMe! 24 hours,0
Horrible quality. Do not buy this.,-1
Never buying from them again. Awful service.,-1
Great value for the price! Highly recommend!,1
Wow! Mind-blowing content right here!,1
This is the best purchase I've ever made!,1
"Not bad, not great either.",0
Does anyone know what time it starts?,0
TL;DR anyone?,0
No comment really. Just browsing.,0
"Meh. Could be better, could be worse.",0
Absolutely phenomenal! 10/10 would recommend!,1
This is pure gold! Saving this forever!,1
Never buying from them again. Awful service.,-1
TL;DR anyone?,0
Thanks for the help! Really appreciate it!,1
Waste of money. Very poor quality.,-1
Thanks for the help! Really appreciate it!,1
Looking for recommendations.,0
Source please?,0
Worst decision ever. Complete waste of time.,-1
This made my day! So happy right now!,1
Excellent service! Will definitely use again!,1
Does anyone know what time it starts?,0
So grateful for this! Amazing quality!,1
Complete garbage. Downvoted.,-1
You deserve all the success! Keep going!,1
You deserve all the success! Keep going!,1
Lost all respect. Completely unacceptable.,-1
The weather is nice today.,0
Such a beautiful gesture! Faith in humanity restored!,1
This ruined my whole day. Thanks for nothing.,-1
Just saw this in the news today.,0
Need more information to decide.,0
TL;DR anyone?,0
Just checking in. How's everyone?,0
Source please?,0
TL;DR anyone?,0
This is the worst thing I've ever seen.,-1
RemindMe! 24 hours,0
I love this so much! Thank you for sharing!,1
RemindMe! 24 hours,0
Source please?,0
Brilliant! Exceeded all my expectations!,1
Haha that's hilarious! Made me smile!,1
I'm neutral on this topic.,0
Seems average to me.,0
Super excited about this! Can't wait!,1
It's okay I guess. Nothing special.,0
Waste of money. Very poor quality.,-1
So proud of this community! You guys rock!,1
Excellent service! Will definitely use again!,1
Haha that's hilarious! Made me smile!,1
Pathetic attempt. Do better next time.,-1
Absolutely phenomenal! 10/10 would recommend!,1
Seems average to me.,0
I hate when this happens. So frustrating!,-1
Has anyone tried this before?,0
Fantastic job! Keep up the excellent work!,1
The weather is nice today.,0
So proud of this community! You guys rock!,1
Excellent service! Will definitely use again!,1
You deserve all the success! Keep going!,1
Disappointing results. Expected more.,-1
RemindMe! 24 hours,0
This sucks. Total failure.,-1
Looking for recommendations.,0
"Just a regular comment, nothing special.",0
It's okay I guess. Nothing special.,0
TL;DR anyone?,0
Great value for the price! Highly recommend!,1
Lost all respect. Completely unacceptable.,-1
Horrible quality. Do not buy this.,-1
Wow! Mind-blowing content right here!,1
The weather is nice today.,0
Haha that's hilarious! Made me smile!,1
Does anyone know what time it starts?,0
Wow! Mind-blowing content right here!,1
Just saw this in the news today.,0
Such a beautiful gesture! Faith in humanity restored!,1
Whatever. Don't really care either way.,0
Terrible experience. Would not recommend.,-1
So disappointed. Expected much better.,-1
Absolutely phenomenal! 10/10 would recommend!,1
Excellent service! Will definitely use again!,1
Thanks for the help! Really appreciate it!,1
This is boring. Moving on.,0
This is boring. Moving on.,0
TL;DR anyone?,0
This ruined my whole day. Thanks for nothing.,-1
So disappointed. Expected much better.,-1
Such a beautiful gesture! Faith in humanity restored!,1
Such a beautiful gesture! Faith in humanity restored!,1
Pathetic attempt. Do better next time.,-1
What do you guys think about this?,0
Love the quality! Absolutely worth it!,1
Commenting for later reference.,0
Interesting perspective. I'll think about it.,0
Absolutely disgusting behavior. Unacceptable!,-1
I love this so much! Thank you for sharing!,1
Never buying from them again. Awful service.,-1
"Meh. Could be better, could be worse.",0
Incredible work! You're so talented!,1
Commenting for later reference.,0
Great value for the price! Highly recommend!,1
Incredible work! You're so talented!,1
Waste of money. Very poor quality.,-1
How is this even allowed? Disgraceful!,-1
Can someone explain this? I'm confused.,0
Love the quality! Absolutely worth it!,1
You deserve all the success! Keep going!,1
This is pure gold! Saving this forever!,1
Whatever. Don't really care either way.,0
Just checking in. How's everyone?,0
This changed my life for the better!,1
Just saw this in the news today.,0
This is pure gold! Saving this forever!,1
Complete garbage. Downvoted.,-1
This is absolutely amazing! Best thing I've seen today!,1
Can someone explain this? I'm confused.,0
So grateful for this! Amazing quality!,1
This ruined my whole day. Thanks for nothing.,-1
Pathetic attempt. Do better next time.,-1
Pretty good actually! Pleasantly surprised!,1
Has anyone tried this before?,0
False advertising. Not as described at all.,-1
Super excited about this! Can't wait!,1
It's okay I guess. Nothing special.,0
Looking for recommendations.,0
This is the worst thing I've ever seen.,-1
Never buying from them again. Awful service.,-1
Lost all respect. Completely unacceptable.,-1
"Ugh, not this again. So tired of this.",-1
Scam! Don't fall for this garbage!,-1
TL;DR anyone?,0
Commenting for later reference.,0
First time seeing this. Interesting.,0
This is exactly what I was looking for! Perfect!,1
Great value for the price! Highly recommend!,1
False advertising. Not as described at all.,-1
Haha that's hilarious! Made me smile!,1
TL;DR anyone?,0
Can someone explain this? I'm confused.,0
Interesting perspective. I'll think about it.,0
"Ugh, not this again. So tired of this.",-1
Just checking in. How's everyone?,0
This ruined my whole day. Thanks for nothing.,-1
I love this so much! Thank you for sharing!,1
Lost all respect. Completely unacceptable.,-1
TL;DR anyone?,0
I'm neutral on this topic.,0
Just checking in. How's everyone?,0
This ruined my whole day. Thanks for nothing.,-1
Seems average to me.,0
Seems average to me.,0
Absolutely phenomenal! 10/10 would recommend!,1
This ruined my whole day. Thanks for nothing.,-1
Lost all respect. Completely unacceptable.,-1
Absolutely disgusting behavior. Unacceptable!,-1
So proud of this community! You guys rock!,1
Worst decision ever. Complete waste of time.,-1
Rude customer service. Terrible experience.,-1
How is this even allowed? Disgraceful!,-1
Super excited about this! Can't wait!,1
This made my day! So happy right now!,1
Such a beautiful gesture! Faith in humanity restored!,1
This is the best purchase I've ever made!,1
Scam! Don't fall for this garbage!,-1
I'm neutral on this topic.,0
Pathetic attempt. Do better next time.,-1
Broken on arrival. Extremely frustrating.,-1
Interesting perspective. I'll think about it.,0
I don't have a strong opinion on this.,0
Completely useless. Total waste.,-1
Best community ever! Love you all!,1
So disappointed. Expected much better.,-1
Looking for recommendations.,0
Brilliant! Exceeded all my expectations!,1
Brilliant! Exceeded all my expectations!,1
Worst decision ever. Complete waste of time.,-1
Just saw this in the news today.,0
The weather is nice today.,0
Absolutely phenomenal! 10/10 would recommend!,1
Lost all respect. Completely unacceptable.,-1
TL;DR anyone?,0
Need more information to decide.,0
"Just a regular comment, nothing special.",0
This should be illegal. Absolutely horrible.,-1
Can someone explain this? I'm confused.,0
Absolutely disgusting behavior. Unacceptable!,-1
Seems average to me.,0
Broken on arrival. Extremely frustrating.,-1
I'm neutral on this topic.,0
This sucks. Total failure.,-1
Such a beautiful gesture! Faith in humanity restored!,1
It's okay I guess. Nothing special.,0
Best community ever! Love you all!,1
This should be illegal. Absolutely horrible.,-1
Pretty good actually! Pleasantly surprised!,1
This ruined my whole day. Thanks for nothing.,-1
Broken on arrival. Extremely frustrating.,-1
Super excited about this! Can't wait!,1
Commenting for later reference.,0
Pretty good actually! Pleasantly surprised!,1
Completely useless. Total waste.,-1
So grateful for this! Amazing quality!,1
Waste of money. Very poor quality.,-1
So grateful for this! Amazing quality!,1
Disappointing results. Expected more.,-1
Such a beautiful gesture! Faith in humanity restored!,1
Thanks for the help! Really appreciate it!,1
Just saw this in the news today.,0
Waste of money. Very poor quality.,-1
Lost all respect. Completely unacceptable.,-1
Seems average to me.,0
Wow! Mind-blowing content right here!,1
Lost all respect. Completely unacceptable.,-1
I don't have a strong opinion on this.,0
I'm neutral on this topic.,0
This is absolutely amazing! Best thing I've seen today!,1
First time seeing this. Interesting.,0
This changed my life for the better!,1
First time seeing this. Interesting.,0
Rude customer service. Terrible experience.,-1
What do you guys think about this?,0
Fantastic job! Keep up the excellent work!,1
The quality is absolutely terrible.,-1
This changed my life for the better!,1
Just saw this in the news today.,0
Does anyone know what time it starts?,0
TL;DR anyone?,0
Absolutely phenomenal! 10/10 would recommend!,1
Seems average to me.,0
This should be illegal. Absolutely horrible.,-1
False advertising. Not as described at all.,-1
Love the quality! Absolutely worth it!,1
Absolutely phenomenal! 10/10 would recommend!,1
So disappointed. Expected much better.,-1
Pathetic attempt. Do better next time.,-1
What do you guys think about this?,0
RemindMe! 24 hours,0
How is this even allowed? Disgraceful!,-1
Brilliant! Exceeded all my expectations!,1
Waste of money. Very poor quality.,-1
You deserve all the success! Keep going!,1
This is exactly what I was looking for! Perfect!,1
This made my day! So happy right now!,1
This restored my faith in humanity!,1
Looking for recommendations.,0
"Not bad, not great either.",0
I don't have a strong opinion on this.,0
Haha that's hilarious! Made me smile!,1
No comment really. Just browsing.,0
"Just a regular comment, nothing special.",0
Terrible experience. Would not recommend.,-1
Super excited about this! Can't wait!,1
Commenting for later reference.,0
This ruined my whole day. Thanks for nothing.,-1
Just checking in. How's everyone?,0
First time seeing this. Interesting.,0
No comment really. Just browsing.,0
This changed my life for the better!,1
Absolutely disgusting behavior. Unacceptable!,-1
Never buying from them again. Awful service.,-1
"Just a regular comment, nothing special.",0
Absolutely disgusting behavior. Unacceptable!,-1
This restored my faith in humanity!,1
This changed my life for the better!,1
RemindMe! 24 hours,0
Pathetic attempt. Do better next time.,-1
I don't have a strong opinion on this.,0
No comment really. Just browsing.,0
Best community ever! Love you all!,1
The weather is nice today.,0
Source please?,0
"Ugh, not this again. So tired of this.",-1
Best community ever! Love you all!,1
Pathetic attempt. Do better next time.,-1
Whatever. Don't really care either way.,0
Has anyone tried this before?,0
First time seeing this. Interesting.,0
Worst decision ever. Complete waste of time.,-1
Whatever. Don't really care either way.,0
I regret this purchase so much.,-1
RemindMe! 24 hours,0
I hate when this happens. So frustrating!,-1
Thanks for the help! Really appreciate it!,1
RemindMe! 24 hours,0
Lost all respect. Completely unacceptable.,-1
Pathetic attempt. Do better next time.,-1
Just checking in. How's everyone?,0
RemindMe! 24 hours,0
The quality is absolutely terrible.,-1
What do you guys think about this?,0
Wow! Mind-blowing content right here!,1
How is this even allowed? Disgraceful!,-1
This changed my life for the better!,1
This is pure gold! Saving this forever!,1
This ruined my whole day. Thanks for nothing.,-1
False advertising. Not as described at all.,-1
Just checking in. How's everyone?,0
Best community ever! Love you all!,1
So proud of this community! You guys rock!,1
This is exactly what I was looking for! Perfect!,1
Worst decision ever. Complete waste of time.,-1
Super excited about this! Can't wait!,1
Just saw this in the news today.,0
First time seeing this. Interesting.,0
This restored my faith in humanity!,1
What do you guys think about this?,0
So proud of this community! You guys rock!,1
This is absolutely amazing! Best thing I've seen today!,1
I love this so much! Thank you for sharing!,1
This is pure gold! Saving this forever!,1
You deserve all the success! Keep going!,1
Lost all respect. Completely unacceptable.,-1
Absolutely phenomenal! 10/10 would recommend!,1
TL;DR anyone?,0
Completely useless. Total waste.,-1
Commenting for later reference.,0
"Meh. Could be better, could be worse.",0
Commenting for later reference.,0
Completely useless. Total waste.,-1
Absolutely phenomenal! 10/10 would recommend!,1
This is boring. Moving on.,0
This is the best purchase I've ever made!,1
Disappointing results. Expected more.,-1
Does anyone know what time it starts?,0
Source please?,0
This ruined my whole day. Thanks for nothing.,-1
Rude customer service. Terrible experience.,-1
This changed my life for the better!,1
This is absolutely amazing! Best thing I've seen today!,1
Can someone explain this? I'm confused.,0
Has anyone tried this before?,0
"Meh. Could be better, could be worse.",0
Complete garbage. Downvoted.,-1
This should be illegal. Absolutely horrible.,-1
So proud of this community! You guys rock!,1
Source please?,0
Best community ever! Love you all!,1
I don't have a strong opinion on this.,0
Completely useless. Total waste.,-1
RemindMe! 24 hours,0
Pretty good actually! Pleasantly surprised!,1
I don't have a strong opinion on this.,0
TL;DR anyone?,0
This should be illegal. Absolutely horrible.,-1
This changed my life for the better!,1
Pretty good actually! Pleasantly surprised!,1
How is this even allowed? Disgraceful!,-1
First time seeing this. Interesting.,0
Absolutely disgusting behavior. Unacceptable!,-1
First time seeing this. Interesting.,0
Commenting for later reference.,0
I regret this purchase so much.,-1
Commenting for later reference.,0
Interesting perspective. I'll think about it.,0
Absolutely phenomenal! 10/10 would recommend!,1
Never buying from them again. Awful service.,-1
This changed my life for the better!,1
This is pure gold! Saving this forever!,1
Absolutely phenomenal! 10/10 would recommend!,1
This is boring. Moving on.,0
"Not bad, not great either.",0
Such a beautiful gesture! Faith in humanity restored!,1
Can someone explain this? I'm confused.,0
I love this so much! Thank you for sharing!,1
No comment really. Just browsing.,0
"Not bad, not great either.",0
No comment really. Just browsing.,0
Has anyone tried this before?,0
Disappointing results. Expected more.,-1
Can someone explain this? I'm confused.,0
Source please?,0
Horrible quality. Do not buy this.,-1
Pathetic attempt. Do better next time.,-1
TL;DR anyone?,0
So grateful for this! Amazing quality!,1
This should be illegal. Absolutely horrible.,-1
Scam! Don't fall for this garbage!,-1
Never buying from them again. Awful service.,-1
Excellent service! Will definitely use again!,1
This made my day! So happy right now!,1
Such a beautiful gesture! Faith in humanity restored!,1
Disappointing results. Expected more.,-1
You deserve all the success! Keep going!,1
This is pure gold! Saving this forever!,1
Absolutely phenomenal! 10/10 would recommend!,1
Worst decision ever. Complete waste of time.,-1
Absolutely phenomenal! 10/10 would recommend!,1
Seems average to me.,0
Looking for recommendations.,0
This is the worst thing I've ever seen.,-1
This ruined my whole day. Thanks for nothing.,-1
How is this even allowed? Disgraceful!,-1
This restored my faith in humanity!,1
So grateful for this! Amazing quality!,1
Horrible quality. Do not buy this.,-1
Complete garbage. Downvoted.,-1
This changed my life for the better!,1
TL;DR anyone?,0
This changed my life for the better!,1
Does anyone know what time it starts?,0
Can someone explain this? I'm confused.,0
This sucks. Total failure.,-1
Fantastic job! Keep up the excellent work!,1
This made my day! So happy right now!,1
This ruined my whole day. Thanks for nothing.,-1
You deserve all the success! Keep going!,1
Absolutely disgusting behavior. Unacceptable!,-1
Commenting for later reference.,0
So proud of this community! You guys rock!,1
This is pure gold! Saving this forever!,1
I regret this purchase so much.,-1
Has anyone tried this before?,0
"Just a regular comment, nothing special.",0
Incredible work! You're so talented!,1
This made my day! So happy right now!,1
Worst decision ever. Complete waste of time.,-1
Love the quality! Absolutely worth it!,1
Fantastic job! Keep up the excellent work!,1
What do you guys think about this?,0
This ruined my whole day. Thanks for nothing.,-1
Brilliant! Exceeded all my expectations!,1
Such a beautiful gesture! Faith in humanity restored!,1
Interesting perspective. I'll think about it.,0
How is this even allowed? Disgraceful!,-1
This is pure gold! Saving this forever!,1
Source please?,0
I regret this purchase so much.,-1
This changed my life for the better!,1
Commenting for later reference.,0
Such a beautiful gesture! Faith in humanity restored!,1
Source please?,0
This is pure gold! Saving this forever!,1
Pathetic attempt. Do better next time.,-1
Absolutely phenomenal! 10/10 would recommend!,1
Complete garbage. Downvoted.,-1
Source please?,0
"Ugh, not this again. So tired of this.",-1
Horrible quality. Do not buy this.,-1
This should be illegal. Absolutely horrible.,-1
Terrible experience. Would not recommend.,-1
This is the best purchase I've ever made!,1
Need more information to decide.,0
Need more information to decide.,0
This ruined my whole day. Thanks for nothing.,-1
Such a beautiful gesture! Faith in humanity restored!,1
This changed my life for the better!,1
Excellent service! Will definitely use again!,1
RemindMe! 24 hours,0
Lost all respect. Completely unacceptable.,-1
Has anyone tried this before?,0
Lost all respect. Completely unacceptable.,-1
This changed my life for the better!,1
So proud of this community! You guys rock!,1
You deserve all the success! Keep going!,1
Whatever. Don't really care either way.,0
TL;DR anyone?,0
I'm neutral on this topic.,0
Love the quality! Absolutely worth it!,1
Such a beautiful gesture! Faith in humanity restored!,1
Such a beautiful gesture! Faith in humanity restored!,1
Interesting perspective. I'll think about it.,0
This is the best purchase I've ever made!,1
So disappointed. Expected much better.,-1
It's okay I guess. Nothing special.,0
Commenting for later reference.,0
How is this even allowed? Disgraceful!,-1
Need more information to decide.,0
Just checking in. How's everyone?,0
This sucks. Total failure.,-1
This is pure gold! Saving this forever!,1
Source please?,0
Commenting for later reference.,0
First time seeing this. Interesting.,0
This is pure gold! Saving this forever!,1
Lost all respect. Completely unacceptable.,-1
Absolutely phenomenal! 10/10 would recommend!,1
This ruined my whole day. Thanks for nothing.,-1
This is the best purchase I've ever made!,1
TL;DR anyone?,0
Completely useless. Total waste.,-1
This sucks. Total failure.,-1
Incredible work! You're so talented!,1
You deserve all the success! Keep going!,1
I regret this purchase so much.,-1
It's okay I guess. Nothing special.,0
Rude customer service. Terrible experience.,-1
This is absolutely amazing! Best thing I've seen today!,1
Whatever. Don't really care either way.,0
This is pure gold! Saving this forever!,1
Source please?,0
How is this even allowed? Disgraceful!,-1
RemindMe! 24 hours,0
Pathetic attempt. Do better next time.,-1
Rude customer service. Terrible experience.,-1
Absolutely disgusting behavior. Unacceptable!,-1
This is absolutely amazing! Best thing I've seen today!,1
False advertising. Not as described at all.,-1
Absolutely phenomenal! 10/10 would recommend!,1
"Just a regular comment, nothing special.",0
Excellent service! Will definitely use again!,1
How is this even allowed? Disgraceful!,-1
Complete garbage. Downvoted.,-1
Never buying from them again. Awful service.,-1
Completely useless. Total waste.,-1
Lost all respect. Completely unacceptable.,-1
Completely useless. Total waste.,-1
Best community ever! Love you all!,1
Such a beautiful gesture! Faith in humanity restored!,1
Commenting for later reference.,0
Such a beautiful gesture! Faith in humanity restored!,1
Pathetic attempt. Do better next time.,-1
Fantastic job! Keep up the excellent work!,1
This ruined my whole day. Thanks for nothing.,-1
You deserve all the success! Keep going!,1
The quality is absolutely terrible.,-1
Lost all respect. Completely unacceptable.,-1
Broken on arrival. Extremely frustrating.,-1
"Not bad, not great either.",0
Worst decision ever. Complete waste of time.,-1
Just checking in. How's everyone?,0
Never buying from them again. Awful service.,-1
I hate when this happens. So frustrating!,-1
Pretty good actually! Pleasantly surprised!,1
Horrible quality. Do not buy this.,-1
Pathetic attempt. Do better next time.,-1
Whatever. Don't really care either way.,0
Brilliant! Exceeded all my expectations!,1
Love the quality! Absolutely worth it!,1
Does anyone know what time it starts?,0
I'm neutral on this topic.,0
This is pure gold! Saving this forever!,1
Disappointing results. Expected more.,-1
Need more information to decide.,0
Love the quality! Absolutely worth it!,1
Love the quality! Absolutely worth it!,1
Incredible work! You're so talented!,1
This is boring. Moving on.,0
Such a beautiful gesture! Faith in humanity restored!,1
So grateful for this! Amazing quality!,1
RemindMe! 24 hours,0
"Just a regular comment, nothing special.",0
Best community ever! Love you all!,1
Pretty good actually! Pleasantly surprised!,1
Scam! Don't fall for this garbage!,-1
"Just a regular comment, nothing special.",0
Great value for the price! Highly recommend!,1
Thanks for the help! Really appreciate it!,1
This is exactly what I was looking for! Perfect!,1
Pathetic attempt. Do better next time.,-1
Scam! Don't fall for this garbage!,-1
How is this even allowed? Disgraceful!,-1
Need more information to decide.,0
Completely useless. Total waste.,-1
Pathetic attempt. Do better next time.,-1
This should be illegal. Absolutely horrible.,-1
This should be illegal. Absolutely horrible.,-1
What do you guys think about this?,0
How is this even allowed? Disgraceful!,-1
Haha that's hilarious! Made me smile!,1
How is this even allowed? Disgraceful!,-1
The weather is nice today.,0
Rude customer service. Terrible experience.,-1
RemindMe! 24 hours,0
"Ugh, not this again. So tired of this.",-1
Terrible experience. Would not recommend.,-1
The weather is nice today.,0
Super excited about this! Can't wait!,1
This should be illegal. Absolutely horrible.,-1
The weather is nice today.,0
Lost all respect. Completely unacceptable.,-1
Just saw this in the news today.,0
How is this even allowed? Disgraceful!,-1
"Meh. Could be better, could be worse.",0
This sucks. Total failure.,-1
"Ugh, not this again. So tired of this.",-1
I love this so much! Thank you for sharing!,1
Commenting for later reference.,0
Terrible experience. Would not recommend.,-1
I hate when this happens. So frustrating!,-1
This sucks. Total failure.,-1
False advertising. Not as described at all.,-1
This ruined my whole day. Thanks for nothing.,-1
Waste of money. Very poor quality.,-1
This is exactly what I was looking for! Perfect!,1
False advertising. Not as described at all.,-1
Fantastic job! Keep up the excellent work!,1
Disappointing results. Expected more.,-1
I regret this purchase so much.,-1
So disappointed. Expected much better.,-1
"Meh. Could be better, could be worse.",0
How is this even allowed? Disgraceful!,-1
I love this so much! Thank you for sharing!,1
Excellent service! Will definitely use again!,1
Super excited about this! Can't wait!,1
Absolutely phenomenal! 10/10 would recommend!,1
Horrible quality. Do not buy this.,-1
Broken on arrival. Extremely frustrating.,-1
"Not bad, not great either.",0
First time seeing this. Interesting.,0
Source please?,0
This changed my life for the better!,1
TL;DR anyone?,0
Best community ever! Love you all!,1
First time seeing this. Interesting.,0
So disappointed. Expected much better.,-1
RemindMe! 24 hours,0
This made my day! So happy right now!,1
Complete garbage. Downvoted.,-1
Worst decision ever. Complete waste of time.,-1
This changed my life for the better!,1
Brilliant! Exceeded all my expectations!,1
Lost all respect. Completely unacceptable.,-1
This is pure gold! Saving this forever!,1
What do you guys think about this?,0
This changed my life for the better!,1
This is the worst thing I've ever seen.,-1
I'm neutral on this topic.,0
Looking for recommendations.,0
I hate when this happens. So frustrating!,-1
RemindMe! 24 hours,0
Lost all respect. Completely unacceptable.,-1
Great value for the price! Highly recommend!,1
Terrible experience. Would not recommend.,-1
Excellent service! Will definitely use again!,1
I regret this purchase so much.,-1
"Just a regular comment, nothing special.",0
Scam! Don't fall for this garbage!,-1
Haha that's hilarious! Made me smile!,1
This sucks. Total failure.,-1
First time seeing this. Interesting.,0
Has anyone tried this before?,0
Haha that's hilarious! Made me smile!,1
Can someone explain this? I'm confused.,0
This should be illegal. Absolutely horrible.,-1
So grateful for this! Amazing quality!,1
This changed my life for the better!,1
This restored my faith in humanity!,1
You deserve all the success! Keep going!,1
RemindMe! 24 hours,0
I regret this purchase so much.,-1
Great value for the price! Highly recommend!,1
Horrible quality. Do not buy this.,-1
The quality is absolutely terrible.,-1
This is the worst thing I've ever seen.,-1
False advertising. Not as described at all.,-1
"Not bad, not great either.",0
I love this so much! Thank you for sharing!,1
This is pure gold! Saving this forever!,1
I hate when this happens. So frustrating!,-1
This ruined my whole day. Thanks for nothing.,-1
Haha that's hilarious! Made me smile!,1
"Not bad, not great either.",0
This is the worst thing I've ever seen.,-1
First time seeing this. Interesting.,0
Super excited about this! Can't wait!,1
Interesting perspective. I'll think about it.,0
